CREATE DATABASE  IF NOT EXISTS `reboquerecife03` /*!40100 DEFAULT CHARACTER SET utf8 */;
USE `reboquerecife03`;
-- MySQL dump 10.13  Distrib 5.6.17, for osx10.6 (i386)
--
-- Host: mysql.reboquerecife.com.br    Database: reboquerecife03
-- ------------------------------------------------------
-- Server version	5.5.43-log

/*!40101 SET @OLD_CHARACTER_SET_CLIENT=@@CHARACTER_SET_CLIENT */;
/*!40101 SET @OLD_CHARACTER_SET_RESULTS=@@CHARACTER_SET_RESULTS */;
/*!40101 SET @OLD_COLLATION_CONNECTION=@@COLLATION_CONNECTION */;
/*!40101 SET NAMES utf8 */;
/*!40103 SET @OLD_TIME_ZONE=@@TIME_ZONE */;
/*!40103 SET TIME_ZONE='+00:00' */;
/*!40014 SET @OLD_UNIQUE_CHECKS=@@UNIQUE_CHECKS, UNIQUE_CHECKS=0 */;
/*!40014 SET @OLD_FOREIGN_KEY_CHECKS=@@FOREIGN_KEY_CHECKS, FOREIGN_KEY_CHECKS=0 */;
/*!40101 SET @OLD_SQL_MODE=@@SQL_MODE, SQL_MODE='NO_AUTO_VALUE_ON_ZERO' */;
/*!40111 SET @OLD_SQL_NOTES=@@SQL_NOTES, SQL_NOTES=0 */;

--
-- Table structure for table `gbm_championship`
--

DROP TABLE IF EXISTS `gbm_championship`;
/*!40101 SET @saved_cs_client     = @@character_set_client */;
/*!40101 SET character_set_client = utf8 */;
CREATE TABLE `gbm_championship` (
  `id` int(11) NOT NULL AUTO_INCREMENT,
  `name` varchar(45) DEFAULT NULL,
  `created_at` timestamp NULL DEFAULT CURRENT_TIMESTAMP,
  `gbm_user_id` int(11) NOT NULL,
  `state` enum('OPENED','IN_PROGRESS','FINISHED') DEFAULT 'OPENED',
  `start_at` datetime DEFAULT NULL,
  PRIMARY KEY (`id`),
  KEY `fk_gbm_championship_gbm_user1_idx` (`gbm_user_id`),
  KEY `idx_state` (`state`),
  CONSTRAINT `fk_gbm_championship_gbm_user1` FOREIGN KEY (`gbm_user_id`) REFERENCES `gbm_user` (`id`) ON DELETE NO ACTION ON UPDATE NO ACTION
) ENGINE=InnoDB AUTO_INCREMENT=175 DEFAULT CHARSET=utf8;
/*!40101 SET character_set_client = @saved_cs_client */;

--
-- Dumping data for table `gbm_championship`
--

LOCK TABLES `gbm_championship` WRITE;
/*!40000 ALTER TABLE `gbm_championship` DISABLE KEYS */;
INSERT INTO `gbm_championship` VALUES (15,'durand\'s Championship','2016-04-16 22:21:21',1,'FINISHED',NULL),(16,'durand\'s Championship','2016-04-16 22:21:57',1,'FINISHED',NULL),(17,'durand23\'s Championship','2016-04-16 23:11:57',3,'FINISHED',NULL),(18,'asddddddsdaa\'s Championship','2016-04-16 23:17:24',7,'FINISHED',NULL),(19,'aaasddddddsdaaaa\'s Championship','2016-04-16 23:18:30',9,'FINISHED',NULL),(60,'durand\'s Championship','2016-04-17 12:47:16',1,'FINISHED',NULL),(61,'durand\'s Championship','2016-04-17 12:48:15',1,'FINISHED',NULL),(62,'durand\'s Championship','2016-04-17 12:48:29',1,'FINISHED',NULL),(63,'durand\'s Championship','2016-04-17 15:57:37',1,'FINISHED',NULL),(64,'durand\'s Championship','2016-04-17 15:58:30',1,'FINISHED',NULL),(65,'durand\'s Championship','2016-04-17 17:36:35',1,'FINISHED',NULL),(66,'durand\'s Championship','2016-04-17 17:37:08',1,'FINISHED',NULL),(67,'durand\'s Championship','2016-04-17 17:38:38',1,'FINISHED',NULL),(68,'durand\'s Championship','2016-04-17 17:41:05',1,'FINISHED',NULL),(69,'durand\'s Championship','2016-04-17 17:49:14',1,'FINISHED',NULL),(70,'durand\'s Championship','2016-04-17 17:49:58',1,'FINISHED',NULL),(71,'durand\'s Championship','2016-04-17 17:53:24',1,'FINISHED',NULL),(72,'durand\'s Championship','2016-04-17 17:55:26',1,'FINISHED',NULL),(73,'durand\'s Championship','2016-04-17 17:57:10',1,'FINISHED',NULL),(74,'durand\'s Championship','2016-04-17 17:57:57',1,'FINISHED',NULL),(75,'durand\'s Championship','2016-04-17 18:02:46',1,'FINISHED',NULL),(76,'durand\'s Championship','2016-04-17 18:04:24',1,'FINISHED',NULL),(77,'durand\'s Championship','2016-04-17 18:05:23',1,'FINISHED',NULL),(78,'durand\'s Championship','2016-04-17 18:06:41',1,'FINISHED',NULL),(79,'durand\'s Championship','2016-04-17 18:13:40',1,'FINISHED',NULL),(80,'durand\'s Championship','2016-04-17 18:14:34',1,'FINISHED',NULL),(81,'durand\'s Championship','2016-04-17 18:17:59',1,'FINISHED',NULL),(82,'durand\'s Championship','2016-04-17 18:18:32',1,'FINISHED',NULL),(83,'durand\'s Championship','2016-04-17 18:28:42',1,'FINISHED',NULL),(84,'durand\'s Championship','2016-04-17 18:29:17',1,'FINISHED',NULL),(85,'durand\'s Championship','2016-04-17 18:35:19',1,'FINISHED',NULL),(86,'durand\'s Championship','2016-04-17 18:38:02',1,'FINISHED',NULL),(87,'durand\'s Championship','2016-04-17 19:26:05',1,'FINISHED',NULL),(88,'durand\'s Championship','2016-04-17 19:26:41',1,'FINISHED',NULL),(89,'durand\'s Championship','2016-04-17 19:31:37',1,'FINISHED',NULL),(90,'durand\'s Championship','2016-04-17 19:34:41',1,'FINISHED',NULL),(91,'durand\'s Championship','2016-04-17 19:35:57',1,'FINISHED',NULL),(92,'durand\'s Championship','2016-04-17 19:38:46',1,'FINISHED',NULL),(93,'durand\'s Championship','2016-04-17 19:40:49',1,'FINISHED',NULL),(94,'durand\'s Championship','2016-04-17 19:42:40',1,'FINISHED',NULL),(95,'durand\'s Championship','2016-04-17 19:43:42',1,'FINISHED',NULL),(96,'durand\'s Championship','2016-04-17 19:48:30',1,'FINISHED',NULL),(97,'shayana\'s Championship','2016-04-17 19:48:54',10,'FINISHED',NULL),(98,'shayana\'s Championship','2016-04-17 19:49:17',10,'FINISHED',NULL),(99,'shayana\'s Championship','2016-04-18 10:42:06',10,'FINISHED',NULL),(100,'shayana\'s Championship','2016-04-18 10:42:53',10,'FINISHED',NULL),(101,'shayana\'s Championship','2016-04-18 10:48:15',10,'FINISHED',NULL),(102,'shayana\'s Championship','2016-04-18 10:48:49',10,'FINISHED',NULL),(103,'shayana\'s Championship','2016-04-18 10:54:36',10,'OPENED',NULL),(104,'durand\'s Championship','2016-04-18 12:31:26',1,'FINISHED',NULL),(105,'durand\'s Championship','2016-04-18 12:31:56',1,'FINISHED',NULL),(106,'durand\'s Championship','2016-04-18 12:32:47',1,'FINISHED',NULL),(107,'durand\'s Championship','2016-04-18 12:33:19',1,'FINISHED',NULL),(108,'durand\'s Championship','2016-04-18 12:33:49',1,'FINISHED',NULL),(109,'durand\'s Championship','2016-04-18 12:37:24',1,'FINISHED',NULL),(110,'durand\'s Championship','2016-04-18 12:37:56',1,'FINISHED',NULL),(111,'durand\'s Championship','2016-04-18 12:38:50',1,'FINISHED',NULL),(112,'durand\'s Championship','2016-04-18 12:40:33',1,'FINISHED',NULL),(113,'durand\'s Championship','2016-04-18 13:24:35',1,'FINISHED',NULL),(114,'durand\'s Championship','2016-04-18 13:24:57',1,'FINISHED',NULL),(115,'durand\'s Championship','2016-04-18 13:25:25',1,'FINISHED',NULL),(116,'durand\'s Championship','2016-04-18 13:26:08',1,'FINISHED',NULL),(117,'durand\'s Championship','2016-04-18 13:26:27',1,'FINISHED',NULL),(118,'dudu\'s Championship','2016-04-18 13:34:11',11,'FINISHED',NULL),(119,'dudu1\'s Championship','2016-04-18 13:34:16',12,'OPENED',NULL),(120,'dudu111\'s Championship','2016-04-18 13:34:54',13,'OPENED',NULL),(121,'dudu\'s Championship','2016-04-18 13:35:36',11,'OPENED',NULL),(122,'durand\'s Championship','2016-04-18 15:06:58',1,'FINISHED',NULL),(123,'durand\'s Championship','2016-04-18 15:07:29',1,'FINISHED',NULL),(124,'durand\'s Championship','2016-04-18 15:08:14',1,'FINISHED',NULL),(125,'durand\'s Championship','2016-04-18 15:42:27',1,'FINISHED',NULL),(126,'durand\'s Championship','2016-04-18 15:43:24',1,'FINISHED',NULL),(127,'durand\'s Championship','2016-04-18 15:58:17',1,'FINISHED',NULL),(128,'durand\'s Championship','2016-04-18 15:59:12',1,'FINISHED',NULL),(129,'durand\'s Championship','2016-04-18 16:01:36',1,'FINISHED',NULL),(130,'durand\'s Championship','2016-04-18 16:02:13',1,'OPENED',NULL),(131,'0.07800821796990931\'s Championship','2016-04-18 19:33:56',14,'OPENED',NULL),(132,'0.1380366482771933\'s Championship','2016-04-18 19:34:39',15,'OPENED',NULL),(133,'0.2910960610024631\'s Championship','2016-04-18 19:35:39',16,'OPENED',NULL),(134,'0.9899803455919027\'s Championship','2016-04-18 19:56:01',17,'OPENED',NULL),(135,'0.33967425650916994\'s Championship','2016-04-18 20:01:12',18,'OPENED',NULL),(136,'0.55196872795932\'s Championship','2016-04-18 20:05:24',19,'OPENED',NULL),(137,'0.14066929346881807\'s Championship','2016-04-18 20:05:54',20,'OPENED',NULL),(138,'0.7749891970306635\'s Championship','2016-04-18 20:06:37',21,'OPENED',NULL),(139,'0.7741706690285355\'s Championship','2016-04-18 20:06:59',22,'OPENED',NULL),(140,'0.19663970940746367\'s Championship','2016-04-18 20:07:41',23,'OPENED',NULL),(141,'0.9396224217489362\'s Championship','2016-04-18 20:09:22',24,'OPENED',NULL),(142,'0.3709021892864257\'s Championship','2016-04-18 20:09:41',25,'OPENED',NULL),(143,'0.7700398152228445\'s Championship','2016-04-18 20:10:19',26,'OPENED',NULL),(144,'0.4160379918757826\'s Championship','2016-04-18 20:12:21',27,'OPENED',NULL),(145,'0.3902294780127704\'s Championship','2016-04-18 20:12:49',28,'OPENED',NULL),(146,'0.9760027122683823\'s Championship','2016-04-18 20:15:02',29,'OPENED',NULL),(147,'0.4229245132301003\'s Championship','2016-04-18 20:17:01',30,'OPENED',NULL),(148,'0.9103509581182152\'s Championship','2016-04-18 20:17:38',31,'OPENED',NULL),(149,'0.39958503446541727\'s Championship','2016-04-18 20:20:57',32,'OPENED',NULL),(150,'0.33604120509698987\'s Championship','2016-04-18 20:21:24',33,'OPENED',NULL),(151,'0.6225528474897146\'s Championship','2016-04-18 20:22:41',34,'OPENED',NULL),(152,'0.040047340327873826\'s Championship','2016-04-18 20:23:29',35,'OPENED',NULL),(153,'0.5836812765337527\'s Championship','2016-04-18 20:25:16',36,'OPENED',NULL),(154,'0.1380250563379377\'s Championship','2016-04-18 20:31:28',37,'OPENED',NULL),(155,'0.5970954173244536\'s Championship','2016-04-18 20:32:26',38,'OPENED',NULL),(156,'0.3431157295126468\'s Championship','2016-04-18 20:33:31',39,'OPENED',NULL),(157,'0.04700308246538043\'s Championship','2016-04-18 20:37:44',40,'OPENED',NULL),(158,'0.2988621632102877\'s Championship','2016-04-18 20:38:24',41,'OPENED',NULL),(159,'0.47013658517971635\'s Championship','2016-04-18 20:39:01',42,'OPENED',NULL),(160,'0.6939437945839018\'s Championship','2016-04-18 20:42:35',43,'OPENED',NULL),(161,'0.31970275309868157\'s Championship','2016-04-18 20:44:59',44,'OPENED',NULL),(162,'0.33015719521790743\'s Championship','2016-04-18 20:45:47',45,'OPENED',NULL),(163,'0.14513701549731195\'s Championship','2016-04-18 20:47:11',46,'OPENED',NULL),(164,'0.12451586895622313\'s Championship','2016-04-18 21:35:50',47,'OPENED',NULL),(165,'0.5581458855886012\'s Championship','2016-04-18 21:36:18',48,'OPENED',NULL),(166,'new-durand\'s Championship','2016-04-18 21:36:57',49,'FINISHED',NULL),(167,'new-durand\'s Championship','2016-04-18 21:38:11',49,'FINISHED',NULL),(168,'new-durand-2\'s Championship','2016-04-18 21:38:56',50,'OPENED',NULL),(169,'new-durand\'s Championship','2016-04-18 21:39:38',49,'FINISHED',NULL),(170,'new-durand\'s Championship','2016-04-18 21:40:18',49,'FINISHED',NULL),(171,'new-durand\'s Championship','2016-04-18 21:40:40',49,'FINISHED',NULL),(172,'new-durand\'s Championship','2016-04-18 21:41:06',49,'FINISHED',NULL),(173,'new-durand\'s Championship','2016-04-18 21:41:28',49,'OPENED',NULL),(174,'new-user\'s Championship','2016-04-18 21:43:16',51,'OPENED',NULL);
/*!40000 ALTER TABLE `gbm_championship` ENABLE KEYS */;
UNLOCK TABLES;

--
-- Table structure for table `gbm_championship_match`
--

DROP TABLE IF EXISTS `gbm_championship_match`;
/*!40101 SET @saved_cs_client     = @@character_set_client */;
/*!40101 SET character_set_client = utf8 */;
CREATE TABLE `gbm_championship_match` (
  `id` int(11) NOT NULL AUTO_INCREMENT,
  `gbm_championship_id` int(11) NOT NULL,
  `gbm_team_home_id` int(11) NOT NULL,
  `gbm_team_challenger_id` int(11) NOT NULL,
  `gbm_team_home_goals` int(11) DEFAULT NULL,
  `gbm_team_challenger_goals` int(11) DEFAULT NULL,
  `user_bet` enum('HOME','DRAW','CHALLENGER') DEFAULT NULL,
  PRIMARY KEY (`id`),
  KEY `fk_gbm_championship_match_gbm_championship1_idx` (`gbm_championship_id`),
  KEY `fk_gbm_championship_match_gbm_team1_idx` (`gbm_team_home_id`),
  KEY `fk_gbm_championship_match_gbm_team2_idx` (`gbm_team_challenger_id`),
  CONSTRAINT `fk_gbm_championship_match_gbm_championship1` FOREIGN KEY (`gbm_championship_id`) REFERENCES `gbm_championship` (`id`) ON DELETE NO ACTION ON UPDATE NO ACTION,
  CONSTRAINT `fk_gbm_championship_match_gbm_team1` FOREIGN KEY (`gbm_team_home_id`) REFERENCES `gbm_team` (`id`) ON DELETE NO ACTION ON UPDATE NO ACTION,
  CONSTRAINT `fk_gbm_championship_match_gbm_team2` FOREIGN KEY (`gbm_team_challenger_id`) REFERENCES `gbm_team` (`id`) ON DELETE NO ACTION ON UPDATE NO ACTION
) ENGINE=InnoDB AUTO_INCREMENT=739 DEFAULT CHARSET=utf8;
/*!40101 SET character_set_client = @saved_cs_client */;

--
-- Dumping data for table `gbm_championship_match`
--

LOCK TABLES `gbm_championship_match` WRITE;
/*!40000 ALTER TABLE `gbm_championship_match` DISABLE KEYS */;
INSERT INTO `gbm_championship_match` VALUES (19,15,2,11,NULL,NULL,NULL),(20,15,10,3,NULL,NULL,NULL),(21,15,6,9,NULL,NULL,NULL),(22,15,8,7,NULL,NULL,NULL),(23,15,4,1,NULL,NULL,NULL),(24,15,12,5,NULL,NULL,NULL),(25,16,12,7,1,2,NULL),(26,16,8,5,0,1,NULL),(27,16,6,9,1,0,NULL),(28,16,2,11,1,0,NULL),(29,16,10,1,0,1,NULL),(30,16,4,3,3,0,NULL),(31,17,8,3,NULL,NULL,NULL),(32,17,6,7,NULL,NULL,NULL),(33,17,2,9,NULL,NULL,NULL),(34,17,4,1,NULL,NULL,NULL),(35,17,10,11,NULL,NULL,NULL),(36,17,12,5,NULL,NULL,NULL),(37,18,4,9,NULL,NULL,NULL),(38,18,6,5,NULL,NULL,NULL),(39,18,8,1,NULL,NULL,NULL),(40,18,12,11,NULL,NULL,NULL),(41,18,10,3,NULL,NULL,NULL),(42,18,2,7,NULL,NULL,NULL),(43,19,8,3,NULL,NULL,NULL),(44,19,10,7,NULL,NULL,NULL),(45,19,4,11,NULL,NULL,NULL),(46,19,2,5,NULL,NULL,NULL),(47,19,12,1,NULL,NULL,NULL),(48,19,6,9,NULL,NULL,NULL),(49,60,4,9,5,2,NULL),(50,60,12,7,0,1,NULL),(51,60,6,3,1,1,NULL),(52,60,10,1,0,1,NULL),(53,60,2,5,2,1,NULL),(54,60,8,11,1,0,NULL),(55,61,10,3,2,4,NULL),(56,61,8,1,0,1,NULL),(57,61,2,7,0,1,NULL),(58,61,12,9,1,3,NULL),(59,61,6,5,1,1,NULL),(60,61,4,11,0,0,NULL),(61,62,2,3,2,5,'CHALLENGER'),(62,62,10,9,4,3,'CHALLENGER'),(63,62,8,7,0,0,'DRAW'),(64,62,4,1,1,3,'DRAW'),(65,62,12,11,1,0,'DRAW'),(66,62,6,5,1,1,'DRAW'),(67,63,6,9,1,3,NULL),(68,63,4,5,3,0,NULL),(69,63,10,7,0,2,NULL),(70,63,12,1,3,3,NULL),(71,63,2,3,0,3,NULL),(72,63,8,11,0,0,NULL),(73,64,8,5,0,0,'CHALLENGER'),(74,64,10,11,3,0,'HOME'),(75,64,6,9,1,0,'CHALLENGER'),(76,64,2,3,2,4,'CHALLENGER'),(77,64,12,1,0,3,'CHALLENGER'),(78,64,4,7,6,2,'HOME'),(79,65,2,11,2,0,NULL),(80,65,10,1,3,3,NULL),(81,65,6,3,0,5,NULL),(82,65,4,5,3,1,NULL),(83,65,12,7,1,1,NULL),(84,65,8,9,0,1,NULL),(85,66,2,9,0,3,'CHALLENGER'),(86,66,10,5,2,1,'HOME'),(87,66,12,1,0,2,'CHALLENGER'),(88,66,6,7,1,1,'CHALLENGER'),(89,66,4,11,4,0,'HOME'),(90,66,8,3,1,1,'CHALLENGER'),(91,67,6,9,1,0,'HOME'),(92,67,8,5,1,1,'CHALLENGER'),(93,67,10,7,2,1,'HOME'),(94,67,12,1,3,4,'CHALLENGER'),(95,67,2,3,2,2,'HOME'),(96,67,4,11,3,0,'CHALLENGER'),(97,68,10,9,3,1,'HOME'),(98,68,6,3,0,4,'HOME'),(99,68,12,5,2,1,'HOME'),(100,68,2,7,2,1,'CHALLENGER'),(101,68,8,1,1,3,'HOME'),(102,68,4,11,2,0,'HOME'),(103,69,12,7,NULL,NULL,NULL),(104,69,4,5,NULL,NULL,NULL),(105,69,2,1,NULL,NULL,NULL),(106,69,6,11,NULL,NULL,NULL),(107,69,8,9,NULL,NULL,NULL),(108,69,10,3,NULL,NULL,NULL),(109,70,4,11,0,0,'HOME'),(110,70,6,5,1,0,'DRAW'),(111,70,12,3,0,6,'DRAW'),(112,70,8,1,1,4,'CHALLENGER'),(113,70,2,9,1,0,'HOME'),(114,70,10,7,0,0,'CHALLENGER'),(115,71,8,7,1,1,NULL),(116,71,6,3,1,3,NULL),(117,71,2,11,1,0,NULL),(118,71,10,9,4,3,NULL),(119,71,4,5,4,0,NULL),(120,71,12,1,0,0,NULL),(121,72,6,11,1,0,'DRAW'),(122,72,8,7,0,2,'CHALLENGER'),(123,72,10,5,1,0,'HOME'),(124,72,2,3,0,6,'CHALLENGER'),(125,72,12,9,1,3,'HOME'),(126,72,4,1,1,0,'HOME'),(127,73,10,1,3,2,'CHALLENGER'),(128,73,8,9,1,1,'CHALLENGER'),(129,73,4,3,2,0,'DRAW'),(130,73,12,11,2,0,'HOME'),(131,73,2,7,2,1,'CHALLENGER'),(132,73,6,5,1,1,'HOME'),(133,74,2,5,2,0,'DRAW'),(134,74,6,3,0,4,'CHALLENGER'),(135,74,4,1,5,2,'HOME'),(136,74,8,9,0,2,'CHALLENGER'),(137,74,12,11,0,0,'HOME'),(138,74,10,7,4,2,'HOME'),(139,75,8,1,0,4,'CHALLENGER'),(140,75,2,7,2,1,'CHALLENGER'),(141,75,6,3,0,6,'CHALLENGER'),(142,75,4,11,0,0,'HOME'),(143,75,10,5,1,0,'HOME'),(144,75,12,9,1,1,'DRAW'),(145,76,6,11,0,0,'DRAW'),(146,76,10,1,1,4,'DRAW'),(147,76,2,7,2,2,'DRAW'),(148,76,4,9,1,2,'DRAW'),(149,76,12,5,2,1,'DRAW'),(150,76,8,3,1,4,'DRAW'),(151,77,8,5,0,0,'DRAW'),(152,77,4,9,5,2,'DRAW'),(153,77,12,1,2,1,'DRAW'),(154,77,2,3,1,3,'DRAW'),(155,77,6,7,0,1,'DRAW'),(156,77,10,11,0,0,'DRAW'),(157,78,4,5,1,0,'HOME'),(158,78,12,1,1,1,'CHALLENGER'),(159,78,6,3,0,5,'CHALLENGER'),(160,78,2,7,1,0,'CHALLENGER'),(161,78,8,9,1,1,'CHALLENGER'),(162,78,10,11,4,0,'HOME'),(163,79,10,11,2,0,'HOME'),(164,79,12,5,0,0,'HOME'),(165,79,4,3,2,6,'DRAW'),(166,79,2,9,0,0,'CHALLENGER'),(167,79,6,1,0,0,'CHALLENGER'),(168,79,8,7,0,0,'CHALLENGER'),(169,80,10,11,3,0,'HOME'),(170,80,8,7,0,2,'CHALLENGER'),(171,80,6,9,0,3,'CHALLENGER'),(172,80,2,5,0,1,'DRAW'),(173,80,4,3,2,4,'CHALLENGER'),(174,80,12,1,2,4,'CHALLENGER'),(175,81,10,9,2,2,'CHALLENGER'),(176,81,12,1,0,1,'CHALLENGER'),(177,81,6,11,1,0,'CHALLENGER'),(178,81,2,7,2,2,'CHALLENGER'),(179,81,4,3,4,3,'CHALLENGER'),(180,81,8,5,1,1,'CHALLENGER'),(181,82,4,11,0,0,'HOME'),(182,82,12,5,2,1,'HOME'),(183,82,6,9,0,0,'CHALLENGER'),(184,82,8,3,1,4,'CHALLENGER'),(185,82,10,1,2,0,'CHALLENGER'),(186,82,2,7,1,1,'CHALLENGER'),(187,83,8,3,0,5,'CHALLENGER'),(188,83,2,9,2,1,'CHALLENGER'),(189,83,10,5,2,1,'HOME'),(190,83,12,11,2,0,'HOME'),(191,83,6,7,0,1,'DRAW'),(192,83,4,1,1,2,'HOME'),(193,84,4,9,2,3,'HOME'),(194,84,10,3,0,0,'CHALLENGER'),(195,84,6,5,1,0,'DRAW'),(196,84,8,11,0,0,'DRAW'),(197,84,12,1,2,2,'DRAW'),(198,84,2,7,0,0,'CHALLENGER'),(199,85,2,7,0,1,'HOME'),(200,85,6,5,0,0,NULL),(201,85,12,9,1,3,NULL),(202,85,4,1,0,4,NULL),(203,85,8,11,0,0,NULL),(204,85,10,3,3,4,NULL),(205,86,2,9,2,1,'CHALLENGER'),(206,86,12,3,0,4,'CHALLENGER'),(207,86,8,11,0,0,'DRAW'),(208,86,6,5,0,0,'DRAW'),(209,86,4,7,0,0,'HOME'),(210,86,10,1,4,2,'CHALLENGER'),(211,87,10,1,3,4,'CHALLENGER'),(212,87,8,7,1,0,'DRAW'),(213,87,6,11,1,0,NULL),(214,87,4,3,1,2,'CHALLENGER'),(215,87,2,9,2,0,'CHALLENGER'),(216,87,12,5,3,0,'DRAW'),(217,88,4,9,1,2,'HOME'),(218,88,8,3,0,5,'CHALLENGER'),(219,88,6,7,1,2,'DRAW'),(220,88,12,11,0,0,'DRAW'),(221,88,10,1,0,3,'DRAW'),(222,88,2,5,1,1,'DRAW'),(223,89,6,9,1,2,'CHALLENGER'),(224,89,2,11,2,0,'DRAW'),(225,89,12,1,2,4,'DRAW'),(226,89,8,3,0,3,'CHALLENGER'),(227,89,4,7,4,1,'HOME'),(228,89,10,5,2,1,'HOME'),(229,90,10,3,0,3,'CHALLENGER'),(230,90,2,9,2,0,'CHALLENGER'),(231,90,12,5,1,1,'DRAW'),(232,90,6,11,1,0,'DRAW'),(233,90,4,7,1,2,'HOME'),(234,90,8,1,1,2,'CHALLENGER'),(235,91,10,9,1,1,NULL),(236,91,8,1,1,3,NULL),(237,91,12,7,2,0,NULL),(238,91,6,3,1,6,NULL),(239,91,4,5,2,1,NULL),(240,91,2,11,0,0,NULL),(241,92,6,1,0,4,'HOME'),(242,92,8,9,1,0,NULL),(243,92,12,11,3,0,NULL),(244,92,10,3,1,0,NULL),(245,92,2,5,0,1,NULL),(246,92,4,7,4,0,NULL),(247,93,10,11,4,0,'DRAW'),(248,93,12,5,1,1,'HOME'),(249,93,2,7,2,1,'DRAW'),(250,93,8,3,0,1,'CHALLENGER'),(251,93,6,9,0,1,'CHALLENGER'),(252,93,4,1,2,3,'HOME'),(253,94,4,3,5,3,'CHALLENGER'),(254,94,8,5,1,1,'CHALLENGER'),(255,94,6,7,1,0,'HOME'),(256,94,2,1,0,2,'CHALLENGER'),(257,94,12,9,1,3,'DRAW'),(258,94,10,11,3,0,'DRAW'),(259,95,12,9,1,2,'DRAW'),(260,95,8,5,0,0,'DRAW'),(261,95,4,3,6,3,'HOME'),(262,95,6,11,1,0,'DRAW'),(263,95,2,1,2,3,'CHALLENGER'),(264,95,10,7,2,1,'HOME'),(265,96,6,3,1,2,'CHALLENGER'),(266,96,2,7,2,0,'DRAW'),(267,96,12,1,3,1,'CHALLENGER'),(268,96,4,9,0,0,'HOME'),(269,96,8,5,0,1,'DRAW'),(270,96,10,11,1,0,'DRAW'),(271,97,12,3,3,0,'CHALLENGER'),(272,97,10,5,0,0,'CHALLENGER'),(273,97,8,1,0,2,'CHALLENGER'),(274,97,4,7,2,0,'HOME'),(275,97,6,9,1,3,'DRAW'),(276,97,2,11,2,0,'DRAW'),(277,98,12,3,2,2,'CHALLENGER'),(278,98,6,1,0,1,'CHALLENGER'),(279,98,10,7,1,0,'HOME'),(280,98,4,11,2,0,'HOME'),(281,98,8,9,1,0,'CHALLENGER'),(282,98,2,5,1,0,'DRAW'),(283,99,6,1,1,1,NULL),(284,99,4,9,2,3,NULL),(285,99,8,11,0,0,NULL),(286,99,2,3,0,6,NULL),(287,99,12,5,0,1,NULL),(288,99,10,7,2,0,NULL),(289,100,2,1,2,0,'CHALLENGER'),(290,100,6,7,0,2,'DRAW'),(291,100,4,3,2,6,'HOME'),(292,100,12,9,3,0,'DRAW'),(293,100,8,11,0,0,'DRAW'),(294,100,10,5,2,1,'HOME'),(295,101,2,3,2,6,'CHALLENGER'),(296,101,4,5,1,1,'HOME'),(297,101,10,7,4,1,'DRAW'),(298,101,8,1,0,2,'CHALLENGER'),(299,101,12,9,3,2,'DRAW'),(300,101,6,11,0,0,'DRAW'),(301,102,10,5,1,0,'DRAW'),(302,102,2,7,1,0,'DRAW'),(303,102,8,1,0,4,'CHALLENGER'),(304,102,4,9,2,3,'HOME'),(305,102,12,11,3,0,'DRAW'),(306,102,6,3,0,0,'CHALLENGER'),(307,103,6,1,NULL,NULL,NULL),(308,103,10,7,NULL,NULL,NULL),(309,103,4,9,NULL,NULL,NULL),(310,103,8,5,NULL,NULL,NULL),(311,103,2,3,NULL,NULL,NULL),(312,103,12,11,NULL,NULL,NULL),(313,104,6,11,1,0,'DRAW'),(314,104,10,5,2,0,'HOME'),(315,104,2,1,0,0,'CHALLENGER'),(316,104,8,9,1,2,'CHALLENGER'),(317,104,4,3,5,1,'HOME'),(318,104,12,7,3,1,'DRAW'),(319,105,10,7,4,1,'HOME'),(320,105,8,3,0,6,'CHALLENGER'),(321,105,4,1,1,2,'HOME'),(322,105,12,11,3,0,'HOME'),(323,105,6,9,0,1,'DRAW'),(324,105,2,5,1,1,'DRAW'),(325,106,4,9,2,3,'HOME'),(326,106,6,3,0,1,'CHALLENGER'),(327,106,8,5,0,0,'CHALLENGER'),(328,106,2,7,2,1,NULL),(329,106,10,1,3,1,'CHALLENGER'),(330,106,12,11,3,0,'HOME'),(331,107,6,11,1,0,'HOME'),(332,107,2,1,0,3,'CHALLENGER'),(333,107,12,7,0,1,'HOME'),(334,107,4,5,5,0,'HOME'),(335,107,8,9,1,1,'CHALLENGER'),(336,107,10,3,2,6,'CHALLENGER'),(337,108,6,3,0,5,'CHALLENGER'),(338,108,12,7,1,0,'HOME'),(339,108,4,9,1,2,'HOME'),(340,108,2,11,1,0,'DRAW'),(341,108,8,5,1,0,'CHALLENGER'),(342,108,10,1,3,2,'HOME'),(343,109,12,5,0,1,'HOME'),(344,109,6,11,1,0,'DRAW'),(345,109,2,1,2,4,'CHALLENGER'),(346,109,8,7,1,1,'DRAW'),(347,109,4,9,5,3,'HOME'),(348,109,10,3,0,3,'CHALLENGER'),(349,110,4,7,0,0,'HOME'),(350,110,2,3,0,6,'CHALLENGER'),(351,110,12,1,2,2,'CHALLENGER'),(352,110,8,11,0,0,'DRAW'),(353,110,10,5,1,0,'HOME'),(354,110,6,9,0,0,'CHALLENGER'),(355,111,8,1,0,0,'CHALLENGER'),(356,111,12,11,0,0,'HOME'),(357,111,6,7,1,0,'HOME'),(358,111,2,9,0,0,'CHALLENGER'),(359,111,10,3,0,5,'CHALLENGER'),(360,111,4,5,5,0,'HOME'),(361,112,10,1,0,0,'CHALLENGER'),(362,112,12,7,0,0,'HOME'),(363,112,8,9,0,0,'CHALLENGER'),(364,112,6,5,1,0,'CHALLENGER'),(365,112,4,3,1,0,'CHALLENGER'),(366,112,2,11,2,0,'CHALLENGER'),(367,113,2,1,0,3,'CHALLENGER'),(368,113,4,9,3,3,'HOME'),(369,113,12,3,3,1,'CHALLENGER'),(370,113,8,11,0,0,'DRAW'),(371,113,10,7,3,1,'DRAW'),(372,113,6,5,0,1,'DRAW'),(373,114,10,11,2,0,'DRAW'),(374,114,2,1,1,2,'DRAW'),(375,114,4,5,2,1,'HOME'),(376,114,8,3,0,3,'CHALLENGER'),(377,114,12,7,0,1,'HOME'),(378,114,6,9,0,0,'CHALLENGER'),(379,115,6,11,0,0,'HOME'),(380,115,10,1,1,1,'CHALLENGER'),(381,115,2,7,2,2,'HOME'),(382,115,4,5,5,0,'HOME'),(383,115,8,3,1,4,'CHALLENGER'),(384,115,12,9,3,3,'HOME'),(385,116,2,1,0,0,NULL),(386,116,10,9,3,0,NULL),(387,116,12,5,2,0,NULL),(388,116,8,11,0,0,NULL),(389,116,6,7,0,2,NULL),(390,116,4,3,4,2,NULL),(391,117,2,11,1,0,'DRAW'),(392,117,12,5,3,1,'HOME'),(393,117,6,1,1,2,'CHALLENGER'),(394,117,4,7,5,2,'HOME'),(395,117,10,3,0,1,'CHALLENGER'),(396,117,8,9,1,1,'CHALLENGER'),(397,118,8,5,0,1,'CHALLENGER'),(398,118,10,7,4,2,'HOME'),(399,118,4,3,3,6,'HOME'),(400,118,2,9,2,1,'CHALLENGER'),(401,118,12,11,3,0,'DRAW'),(402,118,6,1,0,2,'DRAW'),(403,119,10,3,NULL,NULL,NULL),(404,119,8,7,NULL,NULL,NULL),(405,119,4,11,NULL,NULL,NULL),(406,119,6,9,NULL,NULL,NULL),(407,119,12,5,NULL,NULL,NULL),(408,119,2,1,NULL,NULL,NULL),(409,120,12,11,NULL,NULL,NULL),(410,120,2,9,NULL,NULL,NULL),(411,120,10,5,NULL,NULL,NULL),(412,120,8,1,NULL,NULL,NULL),(413,120,4,3,NULL,NULL,NULL),(414,120,6,7,NULL,NULL,NULL),(415,121,4,5,NULL,NULL,NULL),(416,121,2,3,NULL,NULL,NULL),(417,121,8,9,NULL,NULL,NULL),(418,121,10,11,NULL,NULL,NULL),(419,121,12,1,NULL,NULL,NULL),(420,121,6,7,NULL,NULL,NULL),(421,122,4,9,2,0,'HOME'),(422,122,10,5,3,0,'HOME'),(423,122,12,3,1,6,'CHALLENGER'),(424,122,6,11,1,0,'HOME'),(425,122,8,1,0,4,'CHALLENGER'),(426,122,2,7,0,2,'DRAW'),(427,123,2,11,0,0,'DRAW'),(428,123,12,1,3,4,'HOME'),(429,123,4,3,4,4,'HOME'),(430,123,8,9,1,3,'CHALLENGER'),(431,123,6,7,1,2,'DRAW'),(432,123,10,5,2,1,'HOME'),(433,124,12,9,0,2,'CHALLENGER'),(434,124,6,5,0,0,'HOME'),(435,124,10,7,1,1,'HOME'),(436,124,8,11,1,0,'DRAW'),(437,124,4,3,5,6,'CHALLENGER'),(438,124,2,1,2,4,'CHALLENGER'),(439,125,8,1,0,2,'CHALLENGER'),(440,125,10,7,3,0,'HOME'),(441,125,6,11,0,0,'DRAW'),(442,125,4,5,1,1,'DRAW'),(443,125,12,3,0,5,'CHALLENGER'),(444,125,2,9,2,1,'DRAW'),(445,126,8,7,1,2,'CHALLENGER'),(446,126,4,9,3,1,'HOME'),(447,126,12,3,1,1,'CHALLENGER'),(448,126,6,5,0,1,'DRAW'),(449,126,10,11,4,0,'DRAW'),(450,126,2,1,0,2,'CHALLENGER'),(451,127,10,1,4,3,'HOME'),(452,127,12,9,2,3,'HOME'),(453,127,6,11,1,0,'DRAW'),(454,127,2,3,1,4,'CHALLENGER'),(455,127,8,5,1,0,'CHALLENGER'),(456,127,4,7,1,1,'HOME'),(457,128,4,1,4,2,'HOME'),(458,128,10,11,4,0,'DRAW'),(459,128,6,3,0,6,'CHALLENGER'),(460,128,2,9,2,0,'DRAW'),(461,128,8,7,1,2,'DRAW'),(462,128,12,5,0,0,'HOME'),(463,129,12,11,2,0,'HOME'),(464,129,8,1,1,2,'CHALLENGER'),(465,129,10,5,2,0,'HOME'),(466,129,4,7,1,2,'HOME'),(467,129,2,9,0,2,'DRAW'),(468,129,6,3,1,6,'CHALLENGER'),(469,130,4,5,NULL,NULL,NULL),(470,130,8,11,NULL,NULL,NULL),(471,130,2,1,NULL,NULL,NULL),(472,130,6,7,NULL,NULL,NULL),(473,130,10,3,NULL,NULL,NULL),(474,130,12,9,NULL,NULL,NULL),(475,131,2,5,NULL,NULL,NULL),(476,131,8,9,NULL,NULL,NULL),(477,131,6,3,NULL,NULL,NULL),(478,131,12,1,NULL,NULL,NULL),(479,131,10,11,NULL,NULL,NULL),(480,131,4,7,NULL,NULL,NULL),(481,132,2,9,NULL,NULL,NULL),(482,132,8,3,NULL,NULL,NULL),(483,132,12,7,NULL,NULL,NULL),(484,132,6,1,NULL,NULL,NULL),(485,132,10,5,NULL,NULL,NULL),(486,132,4,11,NULL,NULL,NULL),(487,133,12,3,NULL,NULL,NULL),(488,133,4,1,NULL,NULL,NULL),(489,133,6,5,NULL,NULL,NULL),(490,133,10,9,NULL,NULL,NULL),(491,133,2,7,NULL,NULL,NULL),(492,133,8,11,NULL,NULL,NULL),(493,134,4,1,NULL,NULL,NULL),(494,134,8,11,NULL,NULL,NULL),(495,134,12,5,NULL,NULL,NULL),(496,134,6,3,NULL,NULL,NULL),(497,134,10,7,NULL,NULL,NULL),(498,134,2,9,NULL,NULL,NULL),(499,135,8,11,NULL,NULL,NULL),(500,135,12,5,NULL,NULL,NULL),(501,135,4,3,NULL,NULL,NULL),(502,135,10,7,NULL,NULL,NULL),(503,135,2,9,NULL,NULL,NULL),(504,135,6,1,NULL,NULL,NULL),(505,136,6,11,NULL,NULL,NULL),(506,136,10,5,NULL,NULL,NULL),(507,136,12,1,NULL,NULL,NULL),(508,136,4,9,NULL,NULL,NULL),(509,136,8,7,NULL,NULL,NULL),(510,136,2,3,NULL,NULL,NULL),(511,137,6,1,NULL,NULL,NULL),(512,137,2,11,NULL,NULL,NULL),(513,137,8,7,NULL,NULL,NULL),(514,137,10,5,NULL,NULL,NULL),(515,137,4,3,NULL,NULL,NULL),(516,137,12,9,NULL,NULL,NULL),(517,138,10,1,NULL,NULL,NULL),(518,138,4,11,NULL,NULL,NULL),(519,138,2,3,NULL,NULL,NULL),(520,138,8,5,NULL,NULL,NULL),(521,138,12,7,NULL,NULL,NULL),(522,138,6,9,NULL,NULL,NULL),(523,139,2,11,NULL,NULL,NULL),(524,139,6,7,NULL,NULL,NULL),(525,139,8,5,NULL,NULL,NULL),(526,139,12,3,NULL,NULL,NULL),(527,139,10,9,NULL,NULL,NULL),(528,139,4,1,NULL,NULL,NULL),(529,140,12,5,NULL,NULL,NULL),(530,140,10,1,NULL,NULL,NULL),(531,140,2,7,NULL,NULL,NULL),(532,140,4,3,NULL,NULL,NULL),(533,140,8,9,NULL,NULL,NULL),(534,140,6,11,NULL,NULL,NULL),(535,141,2,11,NULL,NULL,NULL),(536,141,4,5,NULL,NULL,NULL),(537,141,10,3,NULL,NULL,NULL),(538,141,12,9,NULL,NULL,NULL),(539,141,6,1,NULL,NULL,NULL),(540,141,8,7,NULL,NULL,NULL),(541,142,2,9,NULL,NULL,NULL),(542,142,8,11,NULL,NULL,NULL),(543,142,4,7,NULL,NULL,NULL),(544,142,10,3,NULL,NULL,NULL),(545,142,6,1,NULL,NULL,NULL),(546,142,12,5,NULL,NULL,NULL),(547,143,4,7,NULL,NULL,NULL),(548,143,10,1,NULL,NULL,NULL),(549,143,2,11,NULL,NULL,NULL),(550,143,6,9,NULL,NULL,NULL),(551,143,12,3,NULL,NULL,NULL),(552,143,8,5,NULL,NULL,NULL),(553,144,12,3,NULL,NULL,NULL),(554,144,10,5,NULL,NULL,NULL),(555,144,4,7,NULL,NULL,NULL),(556,144,8,11,NULL,NULL,NULL),(557,144,6,9,NULL,NULL,NULL),(558,144,2,1,NULL,NULL,NULL),(559,145,6,5,NULL,NULL,NULL),(560,145,10,9,NULL,NULL,NULL),(561,145,12,11,NULL,NULL,NULL),(562,145,2,1,NULL,NULL,NULL),(563,145,8,7,NULL,NULL,NULL),(564,145,4,3,NULL,NULL,NULL),(565,146,6,11,NULL,NULL,NULL),(566,146,4,7,NULL,NULL,NULL),(567,146,10,3,NULL,NULL,NULL),(568,146,2,9,NULL,NULL,NULL),(569,146,8,1,NULL,NULL,NULL),(570,146,12,5,NULL,NULL,NULL),(571,147,8,3,NULL,NULL,NULL),(572,147,4,11,NULL,NULL,NULL),(573,147,10,5,NULL,NULL,NULL),(574,147,2,9,NULL,NULL,NULL),(575,147,12,7,NULL,NULL,NULL),(576,147,6,1,NULL,NULL,NULL),(577,148,10,1,NULL,NULL,NULL),(578,148,12,3,NULL,NULL,NULL),(579,148,8,5,NULL,NULL,NULL),(580,148,2,11,NULL,NULL,NULL),(581,148,6,9,NULL,NULL,NULL),(582,148,4,7,NULL,NULL,NULL),(583,149,8,7,NULL,NULL,NULL),(584,149,4,5,NULL,NULL,NULL),(585,149,2,3,NULL,NULL,NULL),(586,149,6,11,NULL,NULL,NULL),(587,149,10,1,NULL,NULL,NULL),(588,149,12,9,NULL,NULL,NULL),(589,150,8,11,NULL,NULL,NULL),(590,150,2,1,NULL,NULL,NULL),(591,150,12,3,NULL,NULL,NULL),(592,150,10,9,NULL,NULL,NULL),(593,150,6,5,NULL,NULL,NULL),(594,150,4,7,NULL,NULL,NULL),(595,151,8,1,NULL,NULL,NULL),(596,151,4,7,NULL,NULL,NULL),(597,151,12,3,NULL,NULL,NULL),(598,151,6,9,NULL,NULL,NULL),(599,151,10,11,NULL,NULL,NULL),(600,151,2,5,NULL,NULL,NULL),(601,152,8,9,NULL,NULL,NULL),(602,152,10,5,NULL,NULL,NULL),(603,152,2,7,NULL,NULL,NULL),(604,152,6,3,NULL,NULL,NULL),(605,152,12,11,NULL,NULL,NULL),(606,152,4,1,NULL,NULL,NULL),(607,153,2,7,NULL,NULL,NULL),(608,153,8,3,NULL,NULL,NULL),(609,153,10,1,NULL,NULL,NULL),(610,153,12,5,NULL,NULL,NULL),(611,153,4,9,NULL,NULL,NULL),(612,153,6,11,NULL,NULL,NULL),(613,154,2,1,NULL,NULL,NULL),(614,154,4,9,NULL,NULL,NULL),(615,154,12,3,NULL,NULL,NULL),(616,154,6,7,NULL,NULL,NULL),(617,154,10,11,NULL,NULL,NULL),(618,154,8,5,NULL,NULL,NULL),(619,155,10,11,NULL,NULL,NULL),(620,155,4,5,NULL,NULL,NULL),(621,155,8,9,NULL,NULL,NULL),(622,155,6,7,NULL,NULL,NULL),(623,155,12,3,NULL,NULL,NULL),(624,155,2,1,NULL,NULL,NULL),(625,156,4,5,NULL,NULL,NULL),(626,156,8,7,NULL,NULL,NULL),(627,156,12,11,NULL,NULL,NULL),(628,156,6,3,NULL,NULL,NULL),(629,156,2,9,NULL,NULL,NULL),(630,156,10,1,NULL,NULL,NULL),(631,157,2,7,NULL,NULL,NULL),(632,157,8,11,NULL,NULL,NULL),(633,157,12,5,NULL,NULL,NULL),(634,157,4,1,NULL,NULL,NULL),(635,157,10,3,NULL,NULL,NULL),(636,157,6,9,NULL,NULL,NULL),(637,158,6,11,NULL,NULL,NULL),(638,158,8,7,NULL,NULL,NULL),(639,158,12,9,NULL,NULL,NULL),(640,158,2,3,NULL,NULL,NULL),(641,158,4,5,NULL,NULL,NULL),(642,158,10,1,NULL,NULL,NULL),(643,159,12,11,NULL,NULL,NULL),(644,159,4,1,NULL,NULL,NULL),(645,159,10,3,NULL,NULL,NULL),(646,159,6,9,NULL,NULL,NULL),(647,159,2,7,NULL,NULL,NULL),(648,159,8,5,NULL,NULL,NULL),(649,160,8,5,NULL,NULL,NULL),(650,160,2,3,NULL,NULL,NULL),(651,160,12,9,NULL,NULL,NULL),(652,160,4,11,NULL,NULL,NULL),(653,160,10,7,NULL,NULL,NULL),(654,160,6,1,NULL,NULL,NULL),(655,161,6,1,NULL,NULL,NULL),(656,161,12,3,NULL,NULL,NULL),(657,161,10,9,NULL,NULL,NULL),(658,161,2,7,NULL,NULL,NULL),(659,161,8,11,NULL,NULL,NULL),(660,161,4,5,NULL,NULL,NULL),(661,162,6,9,NULL,NULL,NULL),(662,162,12,1,NULL,NULL,NULL),(663,162,2,11,NULL,NULL,NULL),(664,162,8,5,NULL,NULL,NULL),(665,162,4,7,NULL,NULL,NULL),(666,162,10,3,NULL,NULL,NULL),(667,163,4,3,NULL,NULL,NULL),(668,163,6,11,NULL,NULL,NULL),(669,163,12,1,NULL,NULL,NULL),(670,163,8,7,NULL,NULL,NULL),(671,163,2,9,NULL,NULL,NULL),(672,163,10,5,NULL,NULL,NULL),(673,164,10,3,NULL,NULL,NULL),(674,164,8,9,NULL,NULL,NULL),(675,164,4,5,NULL,NULL,NULL),(676,164,6,11,NULL,NULL,NULL),(677,164,12,1,NULL,NULL,NULL),(678,164,2,7,NULL,NULL,NULL),(679,165,10,7,NULL,NULL,NULL),(680,165,8,3,NULL,NULL,NULL),(681,165,12,1,NULL,NULL,NULL),(682,165,6,9,NULL,NULL,NULL),(683,165,2,11,NULL,NULL,NULL),(684,165,4,5,NULL,NULL,NULL),(685,166,2,1,2,1,'CHALLENGER'),(686,166,4,9,5,0,'HOME'),(687,166,6,5,0,0,'DRAW'),(688,166,12,11,3,0,'HOME'),(689,166,10,7,1,1,'HOME'),(690,166,8,3,0,1,'CHALLENGER'),(691,167,6,1,1,2,'CHALLENGER'),(692,167,8,7,1,1,'DRAW'),(693,167,4,9,6,2,'HOME'),(694,167,10,11,2,0,'HOME'),(695,167,2,5,1,0,'DRAW'),(696,167,12,3,3,1,'CHALLENGER'),(697,168,6,1,NULL,NULL,NULL),(698,168,10,5,NULL,NULL,NULL),(699,168,8,3,NULL,NULL,NULL),(700,168,12,11,NULL,NULL,NULL),(701,168,4,7,NULL,NULL,NULL),(702,168,2,9,NULL,NULL,NULL),(703,169,4,1,3,1,'HOME'),(704,169,10,9,1,3,'HOME'),(705,169,12,3,3,3,'CHALLENGER'),(706,169,6,5,0,0,'DRAW'),(707,169,2,11,0,0,'DRAW'),(708,169,8,7,1,1,'DRAW'),(709,170,8,7,0,2,'CHALLENGER'),(710,170,10,3,0,0,'CHALLENGER'),(711,170,6,5,1,1,'CHALLENGER'),(712,170,12,1,0,0,'CHALLENGER'),(713,170,2,9,2,3,'CHALLENGER'),(714,170,4,11,2,0,'CHALLENGER'),(715,171,2,9,1,1,NULL),(716,171,6,1,0,1,NULL),(717,171,10,3,1,3,NULL),(718,171,12,11,1,0,NULL),(719,171,4,7,3,0,NULL),(720,171,8,5,1,0,NULL),(721,172,4,5,1,1,'HOME'),(722,172,10,9,2,3,NULL),(723,172,2,1,2,1,NULL),(724,172,12,7,0,0,NULL),(725,172,8,3,1,0,NULL),(726,172,6,11,1,0,NULL),(727,173,6,3,NULL,NULL,'HOME'),(728,173,10,5,NULL,NULL,NULL),(729,173,8,11,NULL,NULL,NULL),(730,173,4,9,NULL,NULL,NULL),(731,173,12,1,NULL,NULL,NULL),(732,173,2,7,NULL,NULL,NULL),(733,174,6,11,NULL,NULL,NULL),(734,174,8,5,NULL,NULL,NULL),(735,174,4,1,NULL,NULL,NULL),(736,174,2,7,NULL,NULL,NULL),(737,174,10,3,NULL,NULL,NULL),(738,174,12,9,NULL,NULL,NULL);
/*!40000 ALTER TABLE `gbm_championship_match` ENABLE KEYS */;
UNLOCK TABLES;

--
-- Table structure for table `gbm_team`
--

DROP TABLE IF EXISTS `gbm_team`;
/*!40101 SET @saved_cs_client     = @@character_set_client */;
/*!40101 SET character_set_client = utf8 */;
CREATE TABLE `gbm_team` (
  `id` int(11) NOT NULL AUTO_INCREMENT,
  `name` varchar(45) NOT NULL,
  `max_goal_number` int(11) NOT NULL,
  `created_at` timestamp NULL DEFAULT CURRENT_TIMESTAMP,
  `cover_src` varchar(450) NOT NULL,
  PRIMARY KEY (`id`)
) ENGINE=InnoDB AUTO_INCREMENT=13 DEFAULT CHARSET=utf8;
/*!40101 SET character_set_client = @saved_cs_client */;

--
-- Dumping data for table `gbm_team`
--

LOCK TABLES `gbm_team` WRITE;
/*!40000 ALTER TABLE `gbm_team` DISABLE KEYS */;
INSERT INTO `gbm_team` VALUES (1,'Brazil',5,'2016-04-16 20:00:47','https://image.jimcdn.com/app/cms/image/transf/dimension=50x50:mode=crop:format=gif/path/sf8baaaab279158e5/image/i2419d84934c141e2/version/1303509520/image.gif'),(2,'Sweden',3,'2016-04-16 20:00:47','http://www.flags-and-anthems.com/images/flags/s/flag-sweden-flagge-quadratischweiss-48x48.gif'),(3,'Germany',7,'2016-04-16 20:00:48','https://image.jimcdn.com/app/cms/image/transf/dimension=50x50:mode=crop:format=png/path/sf8baaaab279158e5/image/ibdf4cee17a8ac28b/version/1303508854/image.png'),(4,'Spain',7,'2016-04-16 20:00:48','http://www.flags-and-anthems.com/images/flags/s/flag-spain-flagge-quadratischweiss-48x48.gif'),(5,'United States',2,'2016-04-16 20:00:48','https://usercontent2.hubstatic.com/8174453_50.jpg'),(6,'Mexico',2,'2016-04-16 20:00:48','http://img.stockfresh.com/files/m/mironovak/x/41/4806903_43601697.jpg'),(7,'Portugal',3,'2016-04-16 20:00:48','http://s.contentdl.net/storage/view/000/057/868/421/2/j-/10286875/Flag.jpg'),(8,'Japan',2,'2016-04-16 20:00:48','http://www.list-job-sites.com/wp-content/uploads/2015/10/Flag-Japan.jpg'),(9,'Netherlands',4,'2016-04-16 20:09:09','http://img.stockfresh.com/files/s/saicle/x/73/4446614_52648556.jpg'),(10,'France',5,'2016-04-16 20:09:09','http://rlv.zcache.com/france_flag_french_tricolour_blue_white_red_shower_curtain-rec953ebb8e4f4128a753a8c620317a90_jupph_50.jpg?rlvnet=1'),(11,'Nigeria',1,'2016-04-16 20:09:09','http://www.flags-and-anthems.com/images/flags/n/flag-nigeria-flagge-quadratisch-50x50.gif'),(12,'Italy',4,'2016-04-16 20:09:09','http://s.contentdl.net/storage/view/000/096/868/421/2/j-/10286869/Flag.jpg');
/*!40000 ALTER TABLE `gbm_team` ENABLE KEYS */;
UNLOCK TABLES;

--
-- Table structure for table `gbm_user`
--

DROP TABLE IF EXISTS `gbm_user`;
/*!40101 SET @saved_cs_client     = @@character_set_client */;
/*!40101 SET character_set_client = utf8 */;
CREATE TABLE `gbm_user` (
  `id` int(11) NOT NULL AUTO_INCREMENT,
  `username` varchar(450) NOT NULL,
  `created_at` timestamp NULL DEFAULT CURRENT_TIMESTAMP,
  `current_session` varchar(100) NOT NULL,
  `points` int(11) DEFAULT '0',
  PRIMARY KEY (`id`)
) ENGINE=InnoDB AUTO_INCREMENT=52 DEFAULT CHARSET=utf8;
/*!40101 SET character_set_client = @saved_cs_client */;

--
-- Dumping data for table `gbm_user`
--

LOCK TABLES `gbm_user` WRITE;
/*!40000 ALTER TABLE `gbm_user` DISABLE KEYS */;
INSERT INTO `gbm_user` VALUES (1,'durand','2016-04-16 18:11:17','0.13790308614261448',8737),(2,'durand2','2016-04-16 23:10:22','0.7909330148249865',0),(3,'durand23','2016-04-16 23:11:30','0.7722311825491488',0),(4,'ddddddsd','2016-04-16 23:14:36','0.29821832571178675',0),(5,'ddddddsda','2016-04-16 23:15:20','0.04438347928225994',0),(6,'ddddddsdaa','2016-04-16 23:16:01','0.021844040602445602',0),(7,'asddddddsdaa','2016-04-16 23:16:31','0.5987389700021595',0),(8,'asddddddsdaaaa','2016-04-16 23:18:01','0.32753430726006627',0),(9,'aaasddddddsdaaaa','2016-04-16 23:18:30','0.09854735224507749',0),(10,'shayana','2016-04-17 19:48:54','0.9871943122707307',1700),(11,'dudu','2016-04-18 13:33:37','0.4524322971701622',200),(12,'dudu1','2016-04-18 13:34:16','0.3343516029417515',0),(13,'dudu111','2016-04-18 13:34:54','0.09640141017735004',0),(14,'0.07800821796990931','2016-04-18 19:33:56','0.17001838493160903',0),(15,'0.1380366482771933','2016-04-18 19:34:39','0.5324799970258027',0),(16,'0.2910960610024631','2016-04-18 19:35:39','0.4935523939784616',0),(17,'0.9899803455919027','2016-04-18 19:56:00','0.7724456591531634',0),(18,'0.33967425650916994','2016-04-18 20:01:12','0.05625715758651495',0),(19,'0.55196872795932','2016-04-18 20:05:24','0.28997141611762345',0),(20,'0.14066929346881807','2016-04-18 20:05:54','0.044201798271387815',0),(21,'0.7749891970306635','2016-04-18 20:06:37','0.8156150069553405',0),(22,'0.7741706690285355','2016-04-18 20:06:59','0.510810912353918',0),(23,'0.19663970940746367','2016-04-18 20:07:41','0.006495427107438445',0),(24,'0.9396224217489362','2016-04-18 20:09:22','0.06482810084708035',0),(25,'0.3709021892864257','2016-04-18 20:09:41','0.6944124193396419',0),(26,'0.7700398152228445','2016-04-18 20:10:19','0.27036368544213474',0),(27,'0.4160379918757826','2016-04-18 20:12:21','0.6957537201233208',0),(28,'0.3902294780127704','2016-04-18 20:12:49','0.2620025174692273',0),(29,'0.9760027122683823','2016-04-18 20:15:02','0.9325630189850926',0),(30,'0.4229245132301003','2016-04-18 20:17:01','0.05950680607929826',0),(31,'0.9103509581182152','2016-04-18 20:17:38','0.9337291470728815',0),(32,'0.39958503446541727','2016-04-18 20:20:57','0.9126060928683728',0),(33,'0.33604120509698987','2016-04-18 20:21:24','0.3926198564004153',0),(34,'0.6225528474897146','2016-04-18 20:22:41','0.9848963140975684',0),(35,'0.040047340327873826','2016-04-18 20:23:29','0.7432008413597941',0),(36,'0.5836812765337527','2016-04-18 20:25:16','0.06924329558387399',0),(37,'0.1380250563379377','2016-04-18 20:31:28','0.4056146468501538',0),(38,'0.5970954173244536','2016-04-18 20:32:26','0.7643081604037434',0),(39,'0.3431157295126468','2016-04-18 20:33:31','0.32539211376570165',0),(40,'0.04700308246538043','2016-04-18 20:37:44','0.7831508903764188',0),(41,'0.2988621632102877','2016-04-18 20:38:24','0.1413946570828557',0),(42,'0.47013658517971635','2016-04-18 20:39:01','0.046197890769690275',0),(43,'0.6939437945839018','2016-04-18 20:42:35','0.22708838409744203',0),(44,'0.31970275309868157','2016-04-18 20:44:59','0.4689951818436384',0),(45,'0.33015719521790743','2016-04-18 20:45:47','0.7259672207292169',0),(46,'0.14513701549731195','2016-04-18 20:47:11','0.9398815548047423',0),(47,'0.12451586895622313','2016-04-18 21:35:50','0.3173588407225907',0),(48,'0.5581458855886012','2016-04-18 21:36:18','0.7918083206750453',0),(49,'new-durand','2016-04-18 21:36:57','0.26453560311347246',1400),(50,'new-durand-2','2016-04-18 21:38:56','0.9036117820069194',0),(51,'new-user','2016-04-18 21:43:16','0.35564114758744836',0);
/*!40000 ALTER TABLE `gbm_user` ENABLE KEYS */;
UNLOCK TABLES;

--
-- Dumping routines for database 'reboquerecife03'
--
/*!50003 DROP FUNCTION IF EXISTS `rewards` */;
/*!50003 SET @saved_cs_client      = @@character_set_client */ ;
/*!50003 SET @saved_cs_results     = @@character_set_results */ ;
/*!50003 SET @saved_col_connection = @@collation_connection */ ;
/*!50003 SET character_set_client  = utf8 */ ;
/*!50003 SET character_set_results = utf8 */ ;
/*!50003 SET collation_connection  = utf8_general_ci */ ;
/*!50003 SET @saved_sql_mode       = @@sql_mode */ ;
/*!50003 SET sql_mode              = '' */ ;
DELIMITER ;;
CREATE DEFINER=`reboquerecife03`@`%` FUNCTION `rewards`(championship_id int) RETURNS int(11)
    DETERMINISTIC
BEGIN

	 
	declare user_bet,match_bet varchar(50);
 	declare done int default false;
	declare success_bet int default 0;
	
	declare cur cursor for
	select 
		gbm_championship_match.user_bet, 
		if(gbm_team_home_goals > gbm_team_challenger_goals, 'HOME',if(gbm_team_home_goals = gbm_team_challenger_goals,'DRAW','CHALLENGER')) match_bet 
	from gbm_championship_match 
	where gbm_championship_id = championship_id;

	declare continue handler for not found set done = true;
	
	open cur;

	read_loop: loop
		 fetch cur into user_bet,match_bet; 
		if done then
			leave read_loop;
		end if;
		if user_bet = match_bet then
			set success_bet = success_bet +1;
		end if;
	end loop;
	close cur;

RETURN success_bet;
END ;;
DELIMITER ;
/*!50003 SET sql_mode              = @saved_sql_mode */ ;
/*!50003 SET character_set_client  = @saved_cs_client */ ;
/*!50003 SET character_set_results = @saved_cs_results */ ;
/*!50003 SET collation_connection  = @saved_col_connection */ ;
/*!50003 DROP PROCEDURE IF EXISTS `p_insert_championship` */;
/*!50003 SET @saved_cs_client      = @@character_set_client */ ;
/*!50003 SET @saved_cs_results     = @@character_set_results */ ;
/*!50003 SET @saved_col_connection = @@collation_connection */ ;
/*!50003 SET character_set_client  = utf8 */ ;
/*!50003 SET character_set_results = utf8 */ ;
/*!50003 SET collation_connection  = utf8_general_ci */ ;
/*!50003 SET @saved_sql_mode       = @@sql_mode */ ;
/*!50003 SET sql_mode              = '' */ ;
DELIMITER ;;
CREATE DEFINER=`reboquerecife03`@`%` PROCEDURE `p_insert_championship`(user_id int)
BEGIN
	declare team_home_id, team_challenger_id, championship_id int;
	declare user_name varchar(450);
 	declare done int default false;
	
	declare cursorHome cursor for
	select  
		id
		from gbm_team where id % 2 = 0 order by rand();	

	declare cursorChallenger cursor for
	select  
		id
		from gbm_team where id % 2 = 1 order by rand();

	 

	declare continue handler for not found set done = true;

	open cursorHome;
	open cursorChallenger;
	select username into user_name from gbm_user where id = user_id;
	insert into gbm_championship (name,gbm_user_id) values(concat(user_name,'\'s Championship'),user_id);
	select last_insert_id() into championship_id;
	read_loop: loop
		 fetch cursorHome into team_home_id;
		 fetch cursorChallenger into team_challenger_id;
		if done then
			leave read_loop;
		end if;
		insert into gbm_championship_match(gbm_championship_id,gbm_team_home_id,gbm_team_challenger_id)values(championship_id,team_home_id,team_challenger_id);
	end loop;
	close cursorHome;
	close cursorChallenger;
END ;;
DELIMITER ;
/*!50003 SET sql_mode              = @saved_sql_mode */ ;
/*!50003 SET character_set_client  = @saved_cs_client */ ;
/*!50003 SET character_set_results = @saved_cs_results */ ;
/*!50003 SET collation_connection  = @saved_col_connection */ ;
/*!50003 DROP PROCEDURE IF EXISTS `p_verify_championship` */;
/*!50003 SET @saved_cs_client      = @@character_set_client */ ;
/*!50003 SET @saved_cs_results     = @@character_set_results */ ;
/*!50003 SET @saved_col_connection = @@collation_connection */ ;
/*!50003 SET character_set_client  = utf8 */ ;
/*!50003 SET character_set_results = utf8 */ ;
/*!50003 SET collation_connection  = utf8_general_ci */ ;
/*!50003 SET @saved_sql_mode       = @@sql_mode */ ;
/*!50003 SET sql_mode              = '' */ ;
DELIMITER ;;
CREATE DEFINER=`reboquerecife03`@`%` PROCEDURE `p_verify_championship`(p_user_id int)
BEGIN

declare numrows int default 0;

select count(1) into numrows from gbm_championship  where  state = 'OPENED'and gbm_user_id = p_user_id;
	if  numrows = 0 then
		call p_insert_championship(p_user_id);
	end if;
END ;;
DELIMITER ;
/*!50003 SET sql_mode              = @saved_sql_mode */ ;
/*!50003 SET character_set_client  = @saved_cs_client */ ;
/*!50003 SET character_set_results = @saved_cs_results */ ;
/*!50003 SET collation_connection  = @saved_col_connection */ ;
/*!40103 SET TIME_ZONE=@OLD_TIME_ZONE */;

/*!40101 SET SQL_MODE=@OLD_SQL_MODE */;
/*!40014 SET FOREIGN_KEY_CHECKS=@OLD_FOREIGN_KEY_CHECKS */;
/*!40014 SET UNIQUE_CHECKS=@OLD_UNIQUE_CHECKS */;
/*!40101 SET CHARACTER_SET_CLIENT=@OLD_CHARACTER_SET_CLIENT */;
/*!40101 SET CHARACTER_SET_RESULTS=@OLD_CHARACTER_SET_RESULTS */;
/*!40101 SET COLLATION_CONNECTION=@OLD_COLLATION_CONNECTION */;
/*!40111 SET SQL_NOTES=@OLD_SQL_NOTES */;

-- Dump completed on 2016-04-18 18:52:46
